ФИО;Дата рождения;Номер телефона;Электронная почта;СНИЛС
Згмасъжсе Юохфщэ Лцжжоцъэбтхыс;14.03.1985;79990617233;zgmaszhse@example.ru;45864705024
Згмасъжсе Юохфщэ Лцжжоцъэбтхыс;14.03.1985;79990617233;zgmaszhse@example.ru;45864705024
Уххес Гцнёэздёне Бысвиокимюубдрся;15.07.1967;79995840460;ukhkhes@example.ru;86850271136
Згмасъжсе Юохфщэ Лцжжоцъэбтхыс;14.03.1985;79990617233;zgmaszhse@example.ru;45864705024
Уххес Гцнёэздёне Бысвиокимюубдрся;15.07.1967;79995840460;ukhkhes@example.ru;86850271136
Дюпулаа Ыдйакмжй Мъаксчла;21.01.1953;79994481511;dyupulaa@example.ru;29207414570
Згмасъжсе Юохфщэ Лцжжоцъэбтхыс;14.03.1985;79990617233;zgmaszhse@example.ru;45864705024
Уххес Гцнёэздёне Бысвиокимюубдрся;15.07.1967;79995840460;ukhkhes@example.ru;86850271136
Дюпулаа Ыдйакмжй Мъаксчла;21.01.1953;79994481511;dyupulaa@example.ru;29207414570
Рущсфгт Хйдтлытлщяыды Квйоёронщисйещдёд;07.03.1942;79992651573;rushchsfgt@example.ru;37494472327
Згмасъжсе Юохфщэ Лцжжоцъэбтхыс;14.03.1985;79990617233;zgmaszhse@example.ru;45864705024
Уххес Гцнёэздёне Бысвиокимюубдрся;15.07.1967;79995840460;ukhkhes@example.ru;86850271136
Дюпулаа Ыдйакмжй Мъаксчла;21.01.1953;79994481511;dyupulaa@example.ru;29207414570
Рущсфгт Хйдтлытлщяыды Квйоёронщисйещдёд;07.03.1942;79992651573;rushchsfgt@example.ru;37494472327
Дгаяоъюкзч Умрмюмчнбшехп Щыюерпнащдсссетноы;03.01.1939;79990789259;dgayaoyukzch@example.ru;09258677316
Згмасъжсе Юохфщэ Лцжжоцъэбтхыс;14.03.1985;79990617233;zgmaszhse@example.ru;45864705024
Уххес Гцнёэздёне Бысвиокимюубдрся;15.07.1967;79995840460;ukhkhes@example.ru;86850271136
Дюпулаа Ыдйакмжй Мъаксчла;21.01.1953;79994481511;dyupulaa@example.ru;29207414570
Рущсфгт Хйдтлытлщяыды Квйоёронщисйещдёд;07.03.1942;79992651573;rushchsfgt@example.ru;37494472327
Дгаяоъюкзч Умрмюмчнбшехп Щыюерпнащдсссетноы;03.01.1939;79990789259;dgayaoyukzch@example.ru;09258677316
Йюеьэфдмю Лрёчизщббё Ожъуэчэщщёубог;18.07.1993;79992115354;yyueefdmyu@example.ru;35559001583
